<?xml version="1.0" encoding="iso-8859-1"?>
<ait>
	<element id="applications">
		<data applicationid1="1" />
		<data applicationid2="2" />
		<data applicationid3="3" />
	</element>
	
	<element id="1">
		<data broadcasterid="1" />
		<data programmingid="1" />
		<data programid="111" />
		<data language="Java 1.2" />
		<data name="JiTV Interactive Quiz" />
		<data description="Aplicacao para apresentar uma enquete/votacao ao telespectador" />
		<data jarfile="JiTVQuiz.jar" />
		<data mainclass="JiTVQuiz" />
		<data runcontrol="autostart" elapsedprogramtime="00:00:00" />
		<data runtype="unbound" />
		<data persistencetimeout="none" />
	</element>
	
	<element id="2">
		<data broadcasterid="2" />
		<data programmingid="1" />
		<data programid="121" />
		<data language="Java 1.4" />
		<data name="JiTV HTML Viewer" />
		<data description="Aplicacao para visualizar documentos/paginas HTML 1.0" />		
		<data jarfilename="JiTVHTMLBrowser.jar" />
		<data mainclass="JiTVHTMLBrowser" />
		<data runcontrol="time" elapsedprogramtime="00:03:00" />
		<data runtype="bound" />
		<data persistencetimeout="00:05:30" />
	</element>
	
	<element id="3">
		<data broadcasterid="1" />
		<data programmingid="1" />
		<data programid="111" />
		<data language="Java 1.4" />
		<data name="JiTV Dengue" />
		<data description="Aplicacao para apresentar uma enquete sobre a Dengue ao telespectador" />
		<data jarfile="JiTVDengue.jar" />
		<data mainclass="JiTVDengue" />
		<data runcontrol="autostart" elapsedprogramtime="00:10:00" />
		<data runtype="unbound" />
		<data persistencetimeout="none" />
	</element>
</ait>
