<?xml version="1.0" encoding="iso-8859-1"?>
<eit>
	<element id="events">
		<data eventid1="1" />
		<data eventid2="2" />
		<data eventid3="3" />
		<data eventid4="4" />
		<data eventid5="5" />
		<data eventid6="6" />
		<data eventid7="7" />
		<data eventid8="8" />
		<data eventid9="9" />
		<data eventid10="10" />
		<data eventid11="11" />
		<data eventid12="12" />
		<data eventid13="13" />
	</element>
	
	<element id="1">
		<data programid="111" />
		<data name="Picada de Aranha" />
		<data exibhitiondate="13/09/2011" />
		<data initialtime="16:00:00" />		
		<data finaltime="16:30:00" />
		<data duration="0:30:00" />
		<data description="Um programa do Canal de Cidadania e TV Ajuda para auxiliar em situacoes de picadas de aranha" />
		<data classificationtype="1" />
		<data gendertype="3" />
		<data languagetype="1" />
		<data soundtype="1" />
		<data videotype="1" />		
	</element>
	<element id="2">
		<data programid="112" />
		<data name="Consulta Medica" />
		<data exibhitiondate="13/09/2011" />
		<data initialtime="16:30:00" />		
		<data finaltime="17:00:00" />
		<data duration="00:30:00" />
		<data description="Um programa do Canal de Cidadania e TV Ajuda para auxiliar na agenda de consultas medicas" />
		<data classificationtype="1" />
		<data gendertype="1" />
		<data languagetype="1" />
		<data soundtype="1" />
		<data videotype="1" />		
	</element>
	<element id="3">
		<data programid="113" />
		<data name="Obesidade" />
		<data exibhitiondate="13/09/2011" />
		<data initialtime="17:00:00" />		
		<data finaltime="17:30:00" />
		<data duration="00:30:00" />
		<data description="Um programa do Canal de Cidadania e TV Ajuda para auxiliar na prevencao da obesidade" />
		<data classificationtype="1" />
		<data gendertype="3" />
		<data languagetype="1" />
		<data soundtype="1" />
		<data videotype="1" />		
	</element>
	<element id="4">
		<data programid="122" />
		<data name="Jornal Nacional" />
		<data exibhitiondate="13/09/2011" />
		<data initialtime="13:00:00" />		
		<data finaltime="14:00:00" />
		<data duration="01:00:00" />
		<data description="William Bonner apresenta um noticiario que apresenta os fatos mais importantes do Brasil e do mundo" />
		<data classificationtype="1" />
		<data gendertype="1" />
		<data languagetype="1" />
		<data soundtype="1" />
		<data videotype="1" />		
	</element>
	<element id="5">
		<data programid="131" />
		<data name="Chocolate com Pimenta" />
		<data exibhitiondate="13/09/2011" />
		<data initialtime="16:00:00" />		
		<data finaltime="17:00:00" />
		<data duration="01:00:00" />
		<data description="Uma novela de epoca, estrelada por Mariana Ximenes" />
		<data classificationtype="3" />
		<data gendertype="2" />
		<data languagetype="1" />
		<data soundtype="1" />
		<data videotype="1" />		
	</element>
	<element id="6">
		<data programid="132" />
		<data name="Viver a Vida" />
		<data exibhitiondate="13/09/2011" />
		<data initialtime="16:00:00" />		
		<data finaltime="17:00:00" />
		<data duration="01:00:00" />
		<data description="Uma novela de Manoel Carlos, que apresenta um pouco da vida tipica dos bairros tradicionais cariocas" />
		<data classificationtype="3" />
		<data gendertype="2" />
		<data languagetype="1" />
		<data soundtype="1" />
		<data videotype="1" />		
	</element>
	<element id="7">
		<data programid="141" />
		<data name="Jornal da Globo" />
		<data exibhitiondate="13/09/2011" />
		<data initialtime="20:00:00" />		
		<data finaltime="21:00:00" />
		<data duration="01:00:00" />
		<data description="William Wack apresenta um noticiario que mostra um resumo das principais noticias do dia" />
		<data classificationtype="3" />
		<data gendertype="2" />
		<data languagetype="1" />
		<data soundtype="1" />
		<data videotype="1" />		
	</element>
	<element id="8">
		<data programid="142" />
		<data name="Programa do Jo" />
		<data exibhitiondate="13/09/2011" />
		<data initialtime="22:00:00" />		
		<data finaltime="23:00:00" />
		<data duration="01:00:00" />
		<data description="Um programa diario de entrevistas e entretenimento" />
		<data classificationtype="3" />
		<data gendertype="6" />
		<data languagetype="1" />
		<data soundtype="1" />
		<data videotype="1" />		
	</element>
	<element id="9">
		<data programid="211" />
		<data name="Tempo de Esporte" />
		<data exibhitiondate="13/09/2011" />
		<data initialtime="12:00:00" />		
		<data finaltime="13:00:00" />
		<data duration="01:00:00" />
		<data description="Uma mesa redonda sobre os principais eventos esportivos de Pocos de Caldas e regiao" />
		<data classificationtype="3" />
		<data gendertype="3" />
		<data languagetype="1" />
		<data soundtype="1" />
		<data videotype="1" />		
	</element>
	<element id="10">
		<data programid="212" />
		<data name="Telefatos" />
		<data exibhitiondate="13/09/2011" />
		<data initialtime="13:00:00" />		
		<data finaltime="14:00:00" />
		<data duration="01:00:00" />
		<data description="Jose Ramos apresenta um noticiario que mostra um resumo das principais noticias do dia" />
		<data classificationtype="1" />
		<data gendertype="1" />
		<data languagetype="1" />
		<data soundtype="1" />
		<data videotype="1" />		
	</element>
	<element id="11">
		<data programid="221" />
		<data name="Queremos Deus" />
		<data exibhitiondate="13/09/2011" />
		<data initialtime="18:00:00" />		
		<data finaltime="18:45:00" />
		<data duration="00:45:00" />
		<data description="Padre Rodrigo Pappi apresenta reflexoes e oracoes, num programa da Igreja Catolica" />
		<data classificationtype="1" />
		<data gendertype="5" />
		<data languagetype="1" />
		<data soundtype="1" />
		<data videotype="1" />		
	</element>
	<element id="12">
		<data programid="311" />
		<data name="Jornal da Record" />
		<data exibhitiondate="13/09/2011" />
		<data initialtime="13:00:00" />		
		<data finaltime="14:00:00" />
		<data duration="01:00:00" />
		<data description="Celso Freitas apresenta um noticiario que mostra um resumo das principais noticias do dia" />
		<data classificationtype="1" />
		<data gendertype="1" />
		<data languagetype="1" />
		<data soundtype="1" />
		<data videotype="1" />		
	</element>
	<element id="13">
		<data programid="312" />
		<data name="A Fazenda" />
		<data exibhitiondate="13/09/2011" />
		<data initialtime="15:00:00" />		
		<data finaltime="16:00:00" />
		<data duration="01:00:00" />
		<data description="Um Reality Show realizado em meio ao ambiente rustico e tarefas da roca" />
		<data classificationtype="1" />
		<data gendertype="7" />
		<data languagetype="1" />
		<data soundtype="1" />
		<data videotype="1" />		
	</element>
</eit>