<?xml version="1.0" encoding="iso-8859-1"?>
<pmt>
	<element id="programs">
		<data programid1="1" />
		<data programid2="2" />
		<data programid3="3" />
		<data programid4="4" />
		<data programid5="5" />
		<data programid6="6" />
	</element>

	<element id="1">
		<data programid="111" />
		<data mediastream="media111.mpg" />
		<data audiostream="none" />
		<data videostream="none" />
		<data datapacket="none" />		
	</element>		
	<element id="2">
		<data programid="112" />
		<data mediastream="media112.mpg" />
		<data audiostream="none" />
		<data videostream="none" />
		<data datapacket="none" />		
	</element>				
	<element id="3">
		<data programid="113" />
		<data mediastream="media113.mpg" />
		<data audiostream="audio113.mp3" />
		<data videostream="video113.mpg" />
		<data datapacket="dpack113.xml" />		
	</element>
	<element id="4">
		<data programid="211" />
		<data mediastream="media211.mpg" />
		<data audiostream="none" />
		<data videostream="none" />
		<data datapacket="none" />		
	</element>
	<element id="5">
		<data programid="212" />
		<data mediastream="media212.mpg" />
		<data audiostream="none" />
		<data videostream="none" />
		<data datapacket="none" />		
	</element>
	<element id="6">
		<data programid="213" />
		<data mediastream="media213.mpg" />
		<data audiostream="none" />
		<data videostream="none" />
		<data datapacket="none" />		
	</element>
</pmt>