<?xml version="1.0" encoding="iso-8859-1"?>
<pat>
	<element id="broadcasters">
		<data broadcasterid1="1" />
		<data broadcasterid2="2" />		
	</element>
				
	<element id="1">
		<data broadcastername="BTV" />
		<data broadcasterenterprise="BTV Canal de Cidadania" />
		<data broadcasterisoid="BTV" />
		<data broadcasterchannelid="01" />
		
		<element id="1">
			<data programid1="131"  programid2="132"  programid3="133" programid4="none" />			
			<data programid5="none" programid6="none" programid7="none" programid8="none" />						
			<data programid9="none" programid10="none" programid11="none" programid12="none" />						
			<data programid13="none" programid14="none" programid15="none" programid16="none" />			
			<data programid17="none" programid18="none" programid19="none" programid20="none" />						
			<data programid21="none" programid22="none" programid23="none" programid24="none" />						
			<data programid25="none" programid26="none" programid27="none" programid28="none" />			
			<data programid29="none" programid30="none" programid31="none" programid32="none" />						
			<data programid33="none" programid34="none" programid35="none" programid36="none" />
			<data programid37="none" programid38="none" programid39="none" programid40="none" />			
			<data programid41="none" programid42="none" programid43="none" programid44="none" />						
			<data programid45="none" programid46="none" programid47="none" programid48="none" />
			<data programid49="none" programid50="none" programid51="none" programid52="none" />			
			<data programid53="none" programid54="none" programid55="none" programid56="none" />						
			<data programid57="none" programid58="none" programid59="none" programid60="none" />
			<data programid61="none" programid62="none" programid63="none" programid64="none" />			
			<data programid65="none" programid66="none" programid67="none" programid68="none" />						
			<data programid69="none" programid70="none" programid71="none" programid72="none" />
			<data programid73="none" programid74="none" programid75="none" programid76="none" />			
			<data programid77="none" programid78="none" programid79="none" programid80="none" />						
			<data programid81="none" programid82="none" programid83="none" programid84="none" />
			<data programid85="none" programid86="none" programid87="none" programid88="none" />			
			<data programid89="none" programid90="none" programid91="none" programid92="none" />						
			<data programid93="none" programid94="none" programid95="none" programid96="none" />
		</element>	
	</element>
	
	<element id="2">
		<data broadcastername="TV Pocos" />
		<data broadcasterenterprise="TV Pocos Rede Minas de Televisao" />
		<data broadcasterisoid="TVP" />
		<data broadcasterchannelid="02" />
		
		<element id="2">
			<data programid1="231"  programid2="232"  programid3="233" programid4="none" />			
			<data programid5="none" programid6="none" programid7="none" programid8="none" />						
			<data programid9="none" programid10="none" programid11="none" programid12="none" />						
			<data programid13="none" programid14="none" programid15="none" programid16="none" />			
			<data programid17="none" programid18="none" programid19="none" programid20="none" />						
			<data programid21="none" programid22="none" programid23="none" programid24="none" />
			<data programid25="none" programid26="none" programid27="none" programid28="none" />			
			<data programid29="none" programid30="none" programid31="none" programid32="none" />						
			<data programid33="none" programid34="none" programid35="none" programid36="none" />
			<data programid37="none" programid38="none" programid39="none" programid40="none" />			
			<data programid41="none" programid42="none" programid43="none" programid44="none" />						
			<data programid45="none" programid46="none" programid47="none" programid48="none" />
			<data programid49="none" programid50="none" programid51="none" programid52="none" />			
			<data programid53="none" programid54="none" programid55="none" programid56="none" />						
			<data programid57="none" programid58="none" programid59="none" programid60="none" />
			<data programid61="none" programid62="none" programid63="none" programid64="none" />			
			<data programid65="none" programid66="none" programid67="none" programid68="none" />						
			<data programid69="none" programid70="none" programid71="none" programid72="none" />
			<data programid73="none" programid74="none" programid75="none" programid76="none" />			
			<data programid77="none" programid78="none" programid79="none" programid80="none" />						
			<data programid81="none" programid82="none" programid83="none" programid84="none" />
			<data programid85="none" programid86="none" programid87="none" programid88="none" />			
			<data programid89="none" programid90="none" programid91="none" programid92="none" />						
			<data programid93="none" programid94="none" programid95="none" programid96="none" />
		</element>
	</element>	
</pat>