<?xml version="1.0" encoding="iso-8859-1"?>
<cdt>
	<element id="classification">
		<data type1="1" value1="Livre" />
		<data type2="2" value2="Maiores 12 Anos" />
		<data type3="3" value3="Maiores 14 Anos" />
		<data type4="4" value4="Maiores 18 Anos" />
	</element>		
	<element id="language">
		<data type1="1" value1="Portugues" />
		<data type2="2" value2="Ingles" />
		<data type3="3" value3="Espanhol" />
		<data type4="4" value4="Frances" />
	</element>		
	<element id="gender">
		<data type1="1" value1="Noticiario" />
		<data type2="2" value2="Novela" />
		<data type3="3" value3="Esportes" />
		<data type4="4" value4="Documentario" />
		<data type5="5" value5="Especial" />
		<data type6="6" value6="Entrevistas" />
		<data type7="7" value7="Reality Show" />
	</element>
	<element id="sound">
		<data type1="1" value1="Dolby" />
		<data type2="2" value2="MPEG-AAC" />
		<data type3="3" value3="MP3" />		
	</element> 	
	<element id="video">
		<data type1="1" value1="MPEG-2 H.263" />
		<data type2="2" value2="MPEG-4 H.264" />
	</element>	
</cdt>