<?xml version="1.0" encoding="iso-8859-1"?>
<nit>
	<element id="networks">
		<data networkid1="1" />
		<data networkid2="2" />		
	</element>
	
	<element id="1">
		<data broadcasterid="1" />
		<data operatorname="PUCMinas Networks" />
		<data nettype="adsl-cable" />
		<data modulation="cofdm" />
		<data frequency="6" />
		<data ipnumberofhost="127.0.0.1" />
		<data portnumberofhost="5000" />		
		<data bandwidthdownload="1024" />
		<data rcstatus="on" />
		<data rcipnumberofisp="100.123.10.5" />
		<data rcportnumberofisp="2000" />
		<data bandwidthupload="1024" />
	</element>	
	
	<element id="2">
		<data broadcasterid="2" />
		<data operatorname="PUCMinas Networks" />
		<data nettype="wi-fi" />
		<data modulation="cofdm" />
		<data frequency="6" />
		<data ipnumberofhost="127.0.0.1" />
		<data portnumberofhost="6000" />		
		<data bandwidthdownload="1024" />
		<data rcstatus="on" />
		<data rcipnumberofisp="100.123.10.6" />
		<data rcportnumberofisp="2100" />
		<data bandwidthupload="512" />
	</element>	
</nit>