<?xml version="1.0" encoding="iso-8859-1"?>
<sdt>
	<element id="services">
		<data service1="1" />
		<data service2="2" />
	</element>
	
	<element id="1">
		<data broadcasterid="1" />	
		<data programid="111" />
		<data interactivynotify="on" />
		<element id="1">
			<data epg="on" search="on" recommender="on" photoviewer="on" videoviewer="on" pdfviewer="on" />
		    <data filesystemdirectory="/ChannelId1/" 
		          filesystemaudio="/Audio" filesystemvideo="/Video" filesystemdata="/Data" 
		          filesystemapplications="/ChannelId1/" />	
		</element>		
	</element>
	
	<element id="2">
		<data broadcasterid="2" />	
		<data programid="211" />
		<data interactivynotify="on" />
		<element id="2">
			<data epg="on" search="on" recommender="on" photoviewer="on" videoviewer="on" pdfviewer="on" />
		    <data filesystemdirectory="/ChannelId2/" 
		          filesystemaudio="/Audio" filesystemvideo="/Video" filesystemdata="/Data" 
		          filesystemapplications="/ChannelId2/" />
		</element>		
	</element>		
</sdt>